ID,파일명,분류,영상 길이(초),해상도,코덱,원본 프레임 수,신규 기본 캡처 수,주요 내용
STYLE-093949,KakaoTalk_Video_2026-10-09-09-39-49.mp4,스타일 참고,118.833333,1280x720,h264,2852,0,운영 대시보드와 정보 구조
STYLE-094001,KakaoTalk_Video_2026-10-09-09-40-01.mp4,스타일 참고,51.791667,1300x720,h264,1243,0,움직이는 3D 운영 공간
STYLE-094011,KakaoTalk_Video_2026-10-09-09-40-11.mp4,스타일 참고,29.1,1920x1028,hevc,873,0,단계별 공간 전개와 자동 카메라
STYLE-094018,KakaoTalk_Video_2026-10-09-09-40-18.mp4,스타일 참고,29.708333,1280x720,h264,713,0,곡면 건축·단면·야간 연출
AWS-103828,KakaoTalk_Video_2026-10-09-10-38-28.mp4,행사장,2.966667,1920x1080,hevc,88,7,스크린·연단·출입문 기준 장면
AWS-103846,KakaoTalk_Video_2026-10-09-10-38-46.mp4,행사장,17.0,1920x1080,hevc,510,35,실내 전경에서 유리·문 쪽으로 이동
AWS-103854,KakaoTalk_Video_2026-10-09-10-38-54.mp4,행사장,6.2,1920x1080,hevc,185,14,출입문 옆 벽 장치와 벽 쪽 통로
AWS-103900,KakaoTalk_Video_2026-10-09-10-39-00.mp4,행사장,4.9,1920x1080,hevc,147,11,벽 쪽 통로와 반복되는 스크린 벽
AWS-103908,KakaoTalk_Video_2026-10-09-10-39-08.mp4,행사장,4.0,1920x1080,hevc,120,9,큰 벽 패널·천장 레일·좌석 배치
AWS-103918,KakaoTalk_Video_2026-10-09-10-39-18.mp4,행사장,6.066667,1920x1080,hevc,182,14,유리 벽·여분 의자·벽 쪽 동선
AWS-103924,KakaoTalk_Video_2026-10-09-10-39-24.mp4,행사장,4.166667,1920x1080,hevc,125,10,문 근처의 짧은 이동과 정지
AWS-103931,KakaoTalk_Video_2026-10-09-10-39-31.mp4,행사장,4.533333,1920x1080,hevc,136,10,끝 벽과 스크린 옆 밝은 문
AWS-103938,KakaoTalk_Video_2026-10-09-10-39-38.mp4,행사장,4.2,1920x1080,hevc,125,10,스크린 쪽에서 바라본 긴 전경
AWS-103949,KakaoTalk_Video_2026-10-09-10-39-49.mp4,행사장,3.4,1920x1080,hevc,102,8,반대 방향 전경과 빈 테이블 구간
AWS-103956,KakaoTalk_Video_2026-10-09-10-39-56.mp4,행사장,6.866667,1920x1080,hevc,206,15,스크린·문 반복과 착석 방향
AWS-104003,KakaoTalk_Video_2026-10-09-10-40-03.mp4,행사장,5.5,1920x1080,hevc,165,12,문·유리·태블릿 받침대의 상세
AWS-104011,KakaoTalk_Video_2026-10-09-10-40-11.mp4,행사장,4.433333,1920x1080,hevc,133,10,공기청정기·테이블 사이 사람·벽 쪽 통로
